order_id,user_id,store_id,region,payment_method,order_amount,delivery_fee,status,created_time,accepted_time,assigned_time,picked_up_time,completed_time,cancelled_time,cancel_reason,lt_order_to_accept_min,lt_accept_to_pickup_min,lt_pickup_to_complete_min,total_lead_time_min
O000094,U0896,S047,SEOUL_GANGNAM,NAVER_PAY,34000,3000,COMPLETED,2025-01-01T05:09:37,2025-01-01T05:10:37,2025-01-01T05:12:37,2025-01-01T05:32:37,2025-01-01T05:58:37,,,1,22,26,49
O000039,U0594,S066,SEOUL_YEONGDEUNGPO,CARD,36000,2000,COMPLETED,2025-01-01T08:00:35,2025-01-01T08:06:35,2025-01-01T08:16:35,2025-01-01T08:31:35,2025-01-01T08:43:35,,,6,25,12,43
O000003,U0468,S056,SEOUL_GANGNAM,CARD,37000,3000,COMPLETED,2025-01-01T11:30:22,2025-01-01T11:42:22,2025-01-01T11:57:22,2025-01-01T12:16:22,2025-01-01T12:50:22,,,12,34,34,80
O000052,U0151,S113,SEOUL_JONGNO,CARD,30000,2000,COMPLETED,2025-01-01T16:33:06,2025-01-01T16:37:06,2025-01-01T16:42:06,2025-01-01T17:00:06,2025-01-01T17:31:06,,,4,23,31,58
O000066,U1302,S115,SEOUL_MAPO,NAVER_PAY,12000,4000,COMPLETED,2025-01-01T19:05:57,2025-01-01T19:20:57,2025-01-01T19:39:57,2025-01-01T19:52:57,2025-01-01T20:11:57,,,15,32,19,66
O000171,U0129,S044,SEOUL_SEONGSU,CARD,13000,3000,COMPLETED,2025-01-02T07:38:04,2025-01-02T07:42:04,2025-01-02T07:51:04,2025-01-02T08:05:04,2025-01-02T08:17:04,,,4,23,12,39
O000023,U0086,S104,SEOUL_SEONGSU,CARD,35000,2000,COMPLETED,2025-01-02T09:20:57,2025-01-02T09:27:57,2025-01-02T09:30:57,2025-01-02T09:43:57,2025-01-02T10:17:57,,,7,16,34,57
O000067,U0586,S079,SEOUL_MAPO,CARD,30000,2000,COMPLETED,2025-01-02T10:12:55,2025-01-02T10:18:55,2025-01-02T10:19:55,2025-01-02T10:29:55,2025-01-02T10:46:55,,,6,11,17,34
O000111,U0678,S090,SEOUL_JONGNO,NAVER_PAY,20000,1000,IN_PROGRESS,2025-01-02T15:43:58,2025-01-02T15:49:58,,,,,,6,,,
O000102,U0885,S041,SEOUL_SEONGSU,CARD,27000,2000,IN_PROGRESS,2025-01-02T22:19:51,2025-01-02T22:29:51,2025-01-02T22:38:51,,,,,10,,,
O000034,U0405,S028,SEOUL_JONGNO,NAVER_PAY,29000,2000,COMPLETED,2025-01-02T23:57:37,2025-01-03T00:03:37,2025-01-03T00:10:37,2025-01-03T00:19:37,2025-01-03T00:45:37,,,6,16,26,48
O000073,U1489,S067,SEOUL_JAMSIL,NAVER_PAY,35000,3000,COMPLETED,2025-01-03T01:16:18,2025-01-03T01:22:18,2025-01-03T01:25:18,2025-01-03T01:33:18,2025-01-03T01:54:18,,,6,11,21,38
O000044,U0938,S032,SEOUL_GANGNAM,KAKAO_PAY,28000,3000,CANCELLED,2025-01-03T01:21:37,2025-01-03T01:29:37,,,,2025-01-03T01:44:37,NO_RIDER_AVAILABLE,8,,,23
O000137,U1300,S017,SEOUL_GANGNAM,CASH,38000,2000,COMPLETED,2025-01-03T17:37:30,2025-01-03T17:42:30,2025-01-03T17:50:30,2025-01-03T17:55:30,2025-01-03T18:17:30,,,5,13,22,40
O000153,U0166,S025,SEOUL_SEONGSU,NAVER_PAY,36000,4000,COMPLETED,2025-01-03T22:12:57,2025-01-03T22:15:57,2025-01-03T22:19:57,2025-01-03T22:38:57,2025-01-03T22:51:57,,,3,23,13,39
O000200,U0333,S099,SEOUL_YEONGDEUNGPO,KAKAO_PAY,20000,2000,COMPLETED,2025-01-03T23:55:45,2025-01-04T00:04:45,2025-01-04T00:09:45,2025-01-04T00:17:45,2025-01-04T00:40:45,,,9,13,23,45
O000189,U1050,S046,SEOUL_JONGNO,KAKAO_PAY,25000,1000,COMPLETED,2025-01-03T23:58:00,2025-01-04T00:06:00,2025-01-04T00:14:00,2025-01-04T00:19:00,2025-01-04T00:48:00,,,8,13,29,50
O000090,U0346,S050,SEOUL_SEONGSU,CARD,17000,4000,COMPLETED,2025-01-04T07:48:11,2025-01-04T07:54:11,2025-01-04T07:56:11,2025-01-04T08:08:11,2025-01-04T08:20:11,,,6,14,12,32
O000082,U1136,S014,SEOUL_GANGNAM,KAKAO_PAY,36000,0,COMPLETED,2025-01-04T12:36:43,2025-01-04T12:43:43,2025-01-04T12:53:43,2025-01-04T13:05:43,2025-01-04T13:33:43,,,7,22,28,57
O000182,U0532,S016,SEOUL_MAPO,KAKAO_PAY,25000,4000,COMPLETED,2025-01-04T13:00:12,2025-01-04T13:15:12,2025-01-04T13:35:12,2025-01-04T13:56:12,2025-01-04T14:17:12,,,15,41,21,77
O000033,U0947,S092,SEOUL_SEONGSU,CASH,37000,2000,CANCELLED,2025-01-04T13:08:14,,,,,2025-01-04T13:21:14,USER_CHANGED_MIND,,,,13
O000027,U0079,S055,SEOUL_JONGNO,NAVER_PAY,37000,2000,CANCELLED,2025-01-04T14:54:44,,,,,2025-01-04T14:59:44,USER_CHANGED_MIND,,,,5
O000104,U1176,S052,SEOUL_SEONGSU,KAKAO_PAY,26000,4000,CANCELLED,2025-01-04T19:30:38,,,,,2025-01-04T19:42:38,PAYMENT_FAILED,,,,12
O000013,U0570,S088,SEOUL_YEONGDEUNGPO,CARD,22000,2000,COMPLETED,2025-01-04T22:20:55,2025-01-04T22:27:55,2025-01-04T22:30:55,2025-01-04T22:43:55,2025-01-04T23:01:55,,,7,16,18,41
O000049,U0295,S051,SEOUL_JAMSIL,CARD,32000,3000,COMPLETED,2025-01-04T23:12:52,2025-01-04T23:14:52,2025-01-04T23:20:52,2025-01-04T23:30:52,2025-01-05T00:05:52,,,2,16,35,53
O000177,U0457,S054,SEOUL_JONGNO,KAKAO_PAY,31000,2000,COMPLETED,2025-01-05T08:31:58,2025-01-05T08:37:58,2025-01-05T08:40:58,2025-01-05T08:55:58,2025-01-05T09:10:58,,,6,18,15,39
O000188,U0600,S071,SEOUL_YEONGDEUNGPO,KAKAO_PAY,33000,3000,COMPLETED,2025-01-05T22:59:26,2025-01-05T23:04:26,2025-01-05T23:07:26,2025-01-05T23:14:26,2025-01-05T23:43:26,,,5,10,29,44
O000186,U0008,S028,SEOUL_SEONGSU,CARD,42000,3000,IN_PROGRESS,2025-01-06T02:41:51,2025-01-06T02:48:51,,,,,,7,,,
O000097,U1196,S055,SEOUL_JAMSIL,NAVER_PAY,24000,4000,COMPLETED,2025-01-06T03:17:04,2025-01-06T03:25:04,2025-01-06T03:28:04,2025-01-06T03:43:04,2025-01-06T04:04:04,,,8,18,21,47
O000021,U0691,S042,SEOUL_JAMSIL,CARD,38000,3000,CANCELLED,2025-01-06T13:01:41,,,,,2025-01-06T13:04:41,PAYMENT_FAILED,,,,3
O000081,U1119,S090,SEOUL_MAPO,NAVER_PAY,30000,0,IN_PROGRESS,2025-01-06T14:18:24,2025-01-06T14:28:24,2025-01-06T14:29:24,,,,,10,,,
O000017,U0076,S014,SEOUL_JONGNO,KAKAO_PAY,35000,3000,CANCELLED,2025-01-06T15:24:15,2025-01-06T15:29:15,,,,2025-01-06T15:36:15,NO_RIDER_AVAILABLE,5,,,12
O000050,U0775,S076,SEOUL_SEONGSU,CARD,22000,3000,CANCELLED,2025-01-06T19:09:32,,,,,2025-01-06T19:17:32,USER_CHANGED_MIND,,,,8
O000176,U1248,S011,SEOUL_JAMSIL,CARD,29000,2000,COMPLETED,2025-01-06T22:06:23,2025-01-06T22:10:23,2025-01-06T22:20:23,2025-01-06T22:35:23,2025-01-06T22:48:23,,,4,25,13,42
O000158,U0779,S003,SEOUL_SEONGSU,CARD,41000,2000,COMPLETED,2025-01-06T23:40:44,2025-01-06T23:49:44,2025-01-06T23:56:44,2025-01-07T00:07:44,2025-01-07T00:30:44,,,9,18,23,50
O000078,U1154,S069,SEOUL_JONGNO,CARD,25000,1000,COMPLETED,2025-01-07T05:28:18,2025-01-07T05:33:18,2025-01-07T05:40:18,2025-01-07T05:45:18,2025-01-07T06:20:18,,,5,12,35,52
O000122,U0935,S013,SEOUL_MAPO,NAVER_PAY,22000,3000,COMPLETED,2025-01-07T11:35:11,2025-01-07T11:46:11,2025-01-07T11:54:11,2025-01-07T12:08:11,2025-01-07T12:28:11,,,11,22,20,53
O000074,U0794,S035,SEOUL_YEONGDEUNGPO,CARD,30000,1000,COMPLETED,2025-01-07T12:17:28,2025-01-07T12:22:28,2025-01-07T12:27:28,2025-01-07T12:39:28,2025-01-07T13:09:28,,,5,17,30,52
O000012,U0374,S012,SEOUL_JONGNO,CARD,19000,1000,CANCELLED,2025-01-07T14:24:08,,,,,2025-01-07T14:32:08,USER_CHANGED_MIND,,,,8
O000076,U0723,S042,SEOUL_JAMSIL,KAKAO_PAY,36000,4000,COMPLETED,2025-01-07T19:40:30,2025-01-07T19:55:30,2025-01-07T20:01:30,2025-01-07T20:16:30,2025-01-07T20:49:30,,,15,21,33,69
O000170,U1175,S072,SEOUL_GANGNAM,CARD,32000,3000,IN_PROGRESS,2025-01-07T20:43:23,2025-01-07T20:50:23,2025-01-07T20:54:23,,,,,7,,,
O000175,U0656,S042,SEOUL_SEONGSU,CASH,16000,4000,CANCELLED,2025-01-07T20:51:05,2025-01-07T20:56:05,,,,2025-01-07T21:03:05,NO_RIDER_AVAILABLE,5,,,12
O000107,U1310,S096,SEOUL_GANGNAM,KAKAO_PAY,25000,2000,COMPLETED,2025-01-08T02:32:07,2025-01-08T02:37:07,2025-01-08T02:39:07,2025-01-08T02:54:07,2025-01-08T03:20:07,,,5,17,26,48
O000085,U0943,S031,SEOUL_YEONGDEUNGPO,CARD,26000,2000,COMPLETED,2025-01-08T05:57:20,2025-01-08T06:06:20,2025-01-08T06:09:20,2025-01-08T06:23:20,2025-01-08T06:50:20,,,9,17,27,53
O000113,U1378,S071,SEOUL_JONGNO,CARD,27000,3000,COMPLETED,2025-01-08T06:55:24,2025-01-08T07:03:24,2025-01-08T07:08:24,2025-01-08T07:18:24,2025-01-08T07:29:24,,,8,15,11,34
O000014,U1101,S016,SEOUL_YEONGDEUNGPO,KAKAO_PAY,29000,2000,IN_PROGRESS,2025-01-08T12:05:12,2025-01-08T12:14:12,2025-01-08T12:22:12,,,,,9,,,
O000163,U1279,S073,SEOUL_SEONGSU,CARD,18000,3000,CANCELLED,2025-01-08T17:13:13,2025-01-08T17:17:13,,,,2025-01-08T17:24:13,LATE_DELIVERY,4,,,11
O000026,U1176,S100,SEOUL_MAPO,CARD,37000,3000,COMPLETED,2025-01-08T17:20:39,2025-01-08T17:27:39,2025-01-08T17:32:39,2025-01-08T17:40:39,2025-01-08T17:50:39,,,7,13,10,30
O000120,U0150,S109,SEOUL_SEONGSU,CARD,27000,5000,COMPLETED,2025-01-08T18:45:13,2025-01-08T18:48:13,2025-01-08T19:06:13,2025-01-08T19:22:13,2025-01-08T20:04:13,,,3,34,42,79
O000144,U1420,S100,SEOUL_JAMSIL,NAVER_PAY,30000,4000,COMPLETED,2025-01-08T20:00:34,2025-01-08T20:09:34,2025-01-08T20:14:34,2025-01-08T20:25:34,2025-01-08T20:56:34,,,9,16,31,56
O000088,U0446,S110,SEOUL_JONGNO,NAVER_PAY,17000,3000,COMPLETED,2025-01-08T21:59:25,2025-01-08T22:02:25,2025-01-08T22:04:25,2025-01-08T22:11:25,2025-01-08T22:46:25,,,3,9,35,47
O000156,U0587,S094,SEOUL_YEONGDEUNGPO,CARD,21000,2000,CANCELLED,2025-01-09T03:47:09,,,,,2025-01-09T03:50:09,PAYMENT_FAILED,,,,3
O000048,U0972,S072,SEOUL_JONGNO,NAVER_PAY,28000,1000,COMPLETED,2025-01-09T05:09:30,2025-01-09T05:16:30,2025-01-09T05:24:30,2025-01-09T05:42:30,2025-01-09T06:00:30,,,7,26,18,51
O000161,U0522,S049,SEOUL_JONGNO,KAKAO_PAY,37000,4000,IN_PROGRESS,2025-01-09T05:57:20,2025-01-09T06:03:20,,,,,,6,,,
O000166,U1254,S016,SEOUL_MAPO,NAVER_PAY,41000,2000,COMPLETED,2025-01-09T10:05:25,2025-01-09T10:10:25,2025-01-09T10:16:25,2025-01-09T10:26:25,2025-01-09T10:48:25,,,5,16,22,43
O000059,U1129,S014,SEOUL_SEONGSU,KAKAO_PAY,11000,2000,COMPLETED,2025-01-09T10:47:59,2025-01-09T10:53:59,2025-01-09T10:55:59,2025-01-09T11:06:59,2025-01-09T11:17:59,,,6,13,11,30
O000077,U0167,S112,SEOUL_JAMSIL,KAKAO_PAY,24000,3000,CANCELLED,2025-01-09T11:01:33,,,,,2025-01-09T11:07:33,USER_CHANGED_MIND,,,,6
O000055,U1432,S044,SEOUL_YEONGDEUNGPO,CASH,44000,4000,CANCELLED,2025-01-09T11:47:24,,,,,2025-01-09T11:55:24,USER_CHANGED_MIND,,,,8
O000098,U1057,S105,SEOUL_JAMSIL,KAKAO_PAY,13000,3000,IN_PROGRESS,2025-01-09T17:22:26,2025-01-09T17:32:26,2025-01-09T17:35:26,2025-01-09T17:47:26,,,,10,15,,
O000143,U1099,S089,SEOUL_GANGNAM,CARD,28000,4000,COMPLETED,2025-01-09T19:38:05,2025-01-09T19:41:05,2025-01-09T19:49:05,2025-01-09T20:12:05,2025-01-09T20:45:05,,,3,31,33,67
O000020,U1392,S019,SEOUL_GANGNAM,CARD,26000,3000,CANCELLED,2025-01-09T19:59:52,,,,,2025-01-09T20:01:52,USER_CHANGED_MIND,,,,2
O000019,U0557,S009,SEOUL_MAPO,CARD,30000,2000,CANCELLED,2025-01-09T20:59:55,2025-01-09T21:01:55,,,,2025-01-09T21:13:55,STORE_REJECTED,2,,,14
O000199,U1149,S072,SEOUL_YEONGDEUNGPO,KAKAO_PAY,25000,4000,COMPLETED,2025-01-10T02:19:47,2025-01-10T02:22:47,2025-01-10T02:31:47,2025-01-10T02:50:47,2025-01-10T03:11:47,,,3,28,21,52
O000167,U0091,S017,SEOUL_SEONGSU,CARD,32000,3000,COMPLETED,2025-01-10T04:38:32,2025-01-10T04:48:32,2025-01-10T04:56:32,2025-01-10T05:06:32,2025-01-10T05:26:32,,,10,18,20,48
O000065,U1163,S093,SEOUL_GANGNAM,NAVER_PAY,25000,2000,COMPLETED,2025-01-10T06:34:58,2025-01-10T06:35:58,2025-01-10T06:43:58,2025-01-10T06:50:58,2025-01-10T07:07:58,,,1,15,17,33
O000045,U0136,S087,SEOUL_GANGNAM,NAVER_PAY,31000,1000,COMPLETED,2025-01-10T15:04:56,2025-01-10T15:09:56,2025-01-10T15:13:56,2025-01-10T15:24:56,2025-01-10T15:47:56,,,5,15,23,43
O000155,U0914,S020,SEOUL_YEONGDEUNGPO,NAVER_PAY,30000,4000,COMPLETED,2025-01-10T15:20:45,2025-01-10T15:26:45,2025-01-10T15:27:45,2025-01-10T15:32:45,2025-01-10T16:01:45,,,6,6,29,41
O000150,U0506,S010,SEOUL_YEONGDEUNGPO,CARD,23000,2000,CANCELLED,2025-01-10T17:51:16,,,,,2025-01-10T17:59:16,USER_CHANGED_MIND,,,,8
O000035,U0427,S104,SEOUL_MAPO,KAKAO_PAY,39000,3000,COMPLETED,2025-01-10T20:44:19,2025-01-10T20:45:19,2025-01-10T20:53:19,2025-01-10T21:03:19,2025-01-10T21:37:19,,,1,18,34,53
O000091,U1309,S019,SEOUL_SEONGSU,KAKAO_PAY,26000,3000,COMPLETED,2025-01-10T20:48:34,2025-01-10T20:56:34,2025-01-10T21:00:34,2025-01-10T21:13:34,2025-01-10T21:29:34,,,8,17,16,41
O000142,U1102,S071,SEOUL_JAMSIL,NAVER_PAY,27000,4000,COMPLETED,2025-01-11T10:31:56,2025-01-11T10:34:56,2025-01-11T10:36:56,2025-01-11T10:41:56,2025-01-11T10:53:56,,,3,7,12,22
O000130,U0768,S011,SEOUL_GANGNAM,CASH,28000,3000,COMPLETED,2025-01-11T11:22:23,2025-01-11T11:25:23,2025-01-11T11:28:23,2025-01-11T11:36:23,2025-01-11T11:59:23,,,3,11,23,37
O000169,U0979,S009,SEOUL_GANGNAM,CARD,33000,0,COMPLETED,2025-01-11T15:11:03,2025-01-11T15:12:03,2025-01-11T15:21:03,2025-01-11T15:34:03,2025-01-11T15:50:03,,,1,22,16,39
O000096,U1391,S061,SEOUL_JAMSIL,CARD,35000,2000,COMPLETED,2025-01-12T01:07:10,2025-01-12T01:12:10,2025-01-12T01:22:10,2025-01-12T01:28:10,2025-01-12T01:51:10,,,5,16,23,44
O000011,U0905,S077,SEOUL_SEONGSU,KAKAO_PAY,28000,3000,COMPLETED,2025-01-12T04:20:31,2025-01-12T04:22:31,2025-01-12T04:28:31,2025-01-12T04:33:31,2025-01-12T04:45:31,,,2,11,12,25
O000124,U0644,S105,SEOUL_JAMSIL,KAKAO_PAY,25000,1000,IN_PROGRESS,2025-01-12T04:44:03,2025-01-12T04:48:03,2025-01-12T04:58:03,,,,,4,,,
O000084,U0427,S090,SEOUL_JAMSIL,NAVER_PAY,37000,4000,COMPLETED,2025-01-12T12:38:37,2025-01-12T12:50:37,2025-01-12T12:56:37,2025-01-12T13:19:37,2025-01-12T13:35:37,,,12,29,16,57
O000109,U1054,S117,SEOUL_JONGNO,NAVER_PAY,34000,3000,COMPLETED,2025-01-12T19:22:47,2025-01-12T19:37:47,2025-01-12T19:44:47,2025-01-12T19:59:47,2025-01-12T20:34:47,,,15,22,35,72
O000192,U1189,S011,SEOUL_YEONGDEUNGPO,KAKAO_PAY,29000,3000,CANCELLED,2025-01-13T00:42:07,,,,,2025-01-13T00:49:07,USER_CHANGED_MIND,,,,7
O000008,U0136,S102,SEOUL_YEONGDEUNGPO,KAKAO_PAY,29000,2000,COMPLETED,2025-01-13T09:35:46,2025-01-13T09:45:46,2025-01-13T09:46:46,2025-01-13T10:01:46,2025-01-13T10:11:46,,,10,16,10,36
O000069,U0646,S059,SEOUL_SEONGSU,NAVER_PAY,30000,2000,COMPLETED,2025-01-13T11:35:05,2025-01-13T11:44:05,2025-01-13T11:52:05,2025-01-13T12:00:05,2025-01-13T12:40:05,,,9,16,40,65
O000127,U0189,S083,SEOUL_YEONGDEUNGPO,KAKAO_PAY,27000,3000,CANCELLED,2025-01-13T20:36:35,2025-01-13T20:43:35,2025-01-13T20:52:35,,,2025-01-13T21:09:35,LATE_DELIVERY,7,,,33
O000099,U0853,S098,SEOUL_GANGNAM,NAVER_PAY,18000,4000,IN_PROGRESS,2025-01-14T00:41:32,2025-01-14T00:45:32,2025-01-14T00:53:32,,,,,4,,,
O000053,U0399,S054,SEOUL_JONGNO,CARD,31000,2000,COMPLETED,2025-01-14T02:59:56,2025-01-14T03:07:56,2025-01-14T03:16:56,2025-01-14T03:30:56,2025-01-14T04:00:56,,,8,23,30,61
O000140,U0943,S069,SEOUL_GANGNAM,CARD,17000,3000,COMPLETED,2025-01-14T05:14:45,2025-01-14T05:23:45,2025-01-14T05:33:45,2025-01-14T05:47:45,2025-01-14T06:15:45,,,9,24,28,61
O000174,U1100,S087,SEOUL_YEONGDEUNGPO,KAKAO_PAY,22000,4000,COMPLETED,2025-01-14T05:28:52,2025-01-14T05:32:52,2025-01-14T05:34:52,2025-01-14T05:47:52,2025-01-14T06:03:52,,,4,15,16,35
O000064,U0290,S005,SEOUL_MAPO,CARD,32000,2000,COMPLETED,2025-01-14T09:33:19,2025-01-14T09:38:19,2025-01-14T09:45:19,2025-01-14T09:54:19,2025-01-14T10:05:19,,,5,16,11,32
O000139,U0524,S043,SEOUL_YEONGDEUNGPO,KAKAO_PAY,19000,5000,COMPLETED,2025-01-14T11:50:21,2025-01-14T12:04:21,2025-01-14T12:11:21,2025-01-14T12:36:21,2025-01-14T12:55:21,,,14,32,19,65
O000025,U0826,S005,SEOUL_SEONGSU,KAKAO_PAY,27000,2000,COMPLETED,2025-01-14T17:39:05,2025-01-14T17:43:05,2025-01-14T17:49:05,2025-01-14T18:06:05,2025-01-14T18:32:05,,,4,23,26,53
O000022,U1247,S057,SEOUL_GANGNAM,KAKAO_PAY,26000,4000,COMPLETED,2025-01-14T22:15:44,2025-01-14T22:23:44,2025-01-14T22:30:44,2025-01-14T22:50:44,2025-01-14T23:05:44,,,8,27,15,50
O000181,U0139,S103,SEOUL_GANGNAM,CARD,31000,1000,IN_PROGRESS,2025-01-14T23:16:16,2025-01-14T23:17:16,2025-01-14T23:18:16,,,,,1,,,
O000040,U0781,S116,SEOUL_YEONGDEUNGPO,CASH,36000,4000,COMPLETED,2025-01-15T01:16:12,2025-01-15T01:22:12,2025-01-15T01:25:12,2025-01-15T01:39:12,2025-01-15T01:50:12,,,6,17,11,34
O000063,U0320,S043,SEOUL_JAMSIL,KAKAO_PAY,26000,3000,COMPLETED,2025-01-15T04:53:56,2025-01-15T05:01:56,2025-01-15T05:10:56,2025-01-15T05:28:56,2025-01-15T06:03:56,,,8,27,35,70
O000179,U0408,S114,SEOUL_YEONGDEUNGPO,CARD,21000,2000,IN_PROGRESS,2025-01-15T14:14:17,2025-01-15T14:22:17,2025-01-15T14:30:17,2025-01-15T14:35:17,,,,8,13,,
O000057,U1139,S030,SEOUL_SEONGSU,CARD,21000,2000,COMPLETED,2025-01-15T21:21:17,2025-01-15T21:24:17,2025-01-15T21:27:17,2025-01-15T21:36:17,2025-01-15T21:47:17,,,3,12,11,26
O000145,U0207,S083,SEOUL_SEONGSU,KAKAO_PAY,25000,4000,COMPLETED,2025-01-16T08:10:43,2025-01-16T08:16:43,2025-01-16T08:26:43,2025-01-16T08:43:43,2025-01-16T09:18:43,,,6,27,35,68
O000001,U0031,S066,SEOUL_GANGNAM,KAKAO_PAY,27000,3000,COMPLETED,2025-01-16T08:56:29,2025-01-16T08:59:29,2025-01-16T09:07:29,2025-01-16T09:27:29,2025-01-16T09:38:29,,,3,28,11,42
O000114,U0009,S111,SEOUL_JAMSIL,KAKAO_PAY,29000,3000,COMPLETED,2025-01-16T11:03:49,2025-01-16T11:09:49,2025-01-16T11:11:49,2025-01-16T11:29:49,2025-01-16T11:45:49,,,6,20,16,42
O000062,U0244,S106,SEOUL_JONGNO,CARD,19000,3000,COMPLETED,2025-01-16T11:05:10,2025-01-16T11:10:10,2025-01-16T11:17:10,2025-01-16T11:36:10,2025-01-16T11:55:10,,,5,26,19,50
O000112,U0372,S059,SEOUL_JONGNO,CARD,31000,3000,CANCELLED,2025-01-16T15:59:41,,,,,2025-01-16T16:04:41,USER_CHANGED_MIND,,,,5
O000160,U1450,S011,SEOUL_JONGNO,NAVER_PAY,19000,4000,CANCELLED,2025-01-16T18:21:11,,,,,2025-01-16T18:31:11,USER_CHANGED_MIND,,,,10
O000135,U0605,S110,SEOUL_JONGNO,CARD,28000,2000,COMPLETED,2025-01-17T00:25:06,2025-01-17T00:33:06,2025-01-17T00:42:06,2025-01-17T00:56:06,2025-01-17T01:26:06,,,8,23,30,61
O000006,U0588,S098,SEOUL_JONGNO,CARD,36000,4000,COMPLETED,2025-01-17T09:02:15,2025-01-17T09:08:15,2025-01-17T09:16:15,2025-01-17T09:34:15,2025-01-17T09:46:15,,,6,26,12,44
O000105,U1341,S073,SEOUL_GANGNAM,NAVER_PAY,22000,3000,COMPLETED,2025-01-17T09:20:43,2025-01-17T09:22:43,2025-01-17T09:28:43,2025-01-17T09:36:43,2025-01-17T09:50:43,,,2,14,14,30
O000015,U1284,S051,SEOUL_MAPO,CARD,29000,5000,CANCELLED,2025-01-17T13:20:53,,,,,2025-01-17T13:27:53,USER_CHANGED_MIND,,,,7
O000164,U1395,S105,SEOUL_JONGNO,CARD,40000,2000,COMPLETED,2025-01-17T14:00:45,2025-01-17T14:04:45,2025-01-17T14:05:45,2025-01-17T14:13:45,2025-01-17T14:28:45,,,4,9,15,28
O000152,U1251,S113,SEOUL_JONGNO,KAKAO_PAY,33000,3000,COMPLETED,2025-01-17T14:49:50,2025-01-17T14:51:50,2025-01-17T14:58:50,2025-01-17T15:18:50,2025-01-17T15:30:50,,,2,27,12,41
O000115,U0435,S009,SEOUL_JAMSIL,CARD,12000,3000,COMPLETED,2025-01-17T15:46:54,2025-01-17T15:52:54,2025-01-17T16:02:54,2025-01-17T16:16:54,2025-01-17T16:27:54,,,6,24,11,41
O000087,U1107,S082,SEOUL_SEONGSU,CARD,33000,3000,COMPLETED,2025-01-17T15:57:25,2025-01-17T16:02:25,2025-01-17T16:04:25,2025-01-17T16:17:25,2025-01-17T16:45:25,,,5,15,28,48
O000083,U1388,S097,SEOUL_JAMSIL,KAKAO_PAY,15000,3000,COMPLETED,2025-01-18T03:13:26,2025-01-18T03:18:26,2025-01-18T03:21:26,2025-01-18T03:39:26,2025-01-18T03:53:26,,,5,21,14,40
O000032,U0804,S086,SEOUL_SEONGSU,KAKAO_PAY,24000,3000,COMPLETED,2025-01-18T07:04:56,2025-01-18T07:12:56,2025-01-18T07:14:56,2025-01-18T07:27:56,2025-01-18T07:48:56,,,8,15,21,44
O000030,U0351,S076,SEOUL_YEONGDEUNGPO,CARD,35000,4000,COMPLETED,2025-01-18T08:31:14,2025-01-18T08:36:14,2025-01-18T08:43:14,2025-01-18T08:51:14,2025-01-18T09:07:14,,,5,15,16,36
O000100,U0291,S048,SEOUL_MAPO,CARD,37000,3000,COMPLETED,2025-01-18T16:11:49,2025-01-18T16:15:49,2025-01-18T16:24:49,2025-01-18T16:32:49,2025-01-18T17:00:49,,,4,17,28,49
O000196,U1361,S037,SEOUL_SEONGSU,CARD,31000,4000,COMPLETED,2025-01-18T18:31:45,2025-01-18T18:36:45,2025-01-18T18:42:45,2025-01-18T18:55:45,2025-01-18T19:33:45,,,5,19,38,62
O000118,U0583,S049,SEOUL_MAPO,KAKAO_PAY,18000,1000,CANCELLED,2025-01-18T18:50:44,,,,,2025-01-18T18:51:44,USER_CHANGED_MIND,,,,1
O000004,U1394,S055,SEOUL_YEONGDEUNGPO,KAKAO_PAY,28000,3000,COMPLETED,2025-01-18T20:34:59,2025-01-18T20:38:59,2025-01-18T20:45:59,2025-01-18T20:58:59,2025-01-18T21:30:59,,,4,20,32,56
O000162,U1330,S038,SEOUL_MAPO,KAKAO_PAY,26000,3000,IN_PROGRESS,2025-01-19T15:10:22,2025-01-19T15:16:22,2025-01-19T15:22:22,,,,,6,,,
O000056,U0704,S081,SEOUL_MAPO,CASH,36000,1000,CANCELLED,2025-01-20T00:50:05,,,,,2025-01-20T00:53:05,USER_CHANGED_MIND,,,,3
O000165,U0886,S016,SEOUL_SEONGSU,CARD,24000,2000,COMPLETED,2025-01-20T02:56:21,2025-01-20T02:58:21,2025-01-20T03:02:21,2025-01-20T03:21:21,2025-01-20T03:55:21,,,2,23,34,59
O000043,U0898,S080,SEOUL_JAMSIL,CASH,33000,3000,COMPLETED,2025-01-20T02:57:31,2025-01-20T03:04:31,2025-01-20T03:08:31,2025-01-20T03:15:31,2025-01-20T03:29:31,,,7,11,14,32
O000195,U1232,S013,SEOUL_MAPO,CARD,33000,3000,COMPLETED,2025-01-20T05:32:36,2025-01-20T05:36:36,2025-01-20T05:42:36,2025-01-20T05:58:36,2025-01-20T06:32:36,,,4,22,34,60
O000147,U1405,S055,SEOUL_MAPO,CARD,17000,4000,COMPLETED,2025-01-20T17:42:07,2025-01-20T17:52:07,2025-01-20T17:58:07,2025-01-20T18:04:07,2025-01-20T18:38:07,,,10,12,34,56
O000103,U0845,S015,SEOUL_JONGNO,KAKAO_PAY,19000,3000,COMPLETED,2025-01-20T20:13:01,2025-01-20T20:16:01,2025-01-20T20:28:01,2025-01-20T20:42:01,2025-01-20T21:27:01,,,3,26,45,74
O000134,U0166,S045,SEOUL_SEONGSU,KAKAO_PAY,16000,2000,CANCELLED,2025-01-20T21:55:08,2025-01-20T21:58:08,2025-01-20T22:02:08,,,2025-01-20T22:13:08,LATE_DELIVERY,3,,,18
O000148,U0826,S117,SEOUL_YEONGDEUNGPO,KAKAO_PAY,23000,1000,IN_PROGRESS,2025-01-21T02:41:22,,,,,,,,,,
O000060,U0432,S116,SEOUL_SEONGSU,NAVER_PAY,30000,3000,COMPLETED,2025-01-21T07:51:28,2025-01-21T08:00:28,2025-01-21T08:10:28,2025-01-21T08:18:28,2025-01-21T08:46:28,,,9,18,28,55
O000002,U0691,S116,SEOUL_JAMSIL,CARD,44000,2000,COMPLETED,2025-01-21T13:47:34,2025-01-21T13:51:34,2025-01-21T13:58:34,2025-01-21T14:05:34,2025-01-21T14:17:34,,,4,14,12,30
O000173,U0243,S009,SEOUL_YEONGDEUNGPO,CARD,39000,4000,IN_PROGRESS,2025-01-21T14:21:52,2025-01-21T14:29:52,2025-01-21T14:34:52,2025-01-21T14:44:52,,,,8,15,,
O000172,U0057,S038,SEOUL_SEONGSU,CARD,32000,5000,COMPLETED,2025-01-21T19:54:36,2025-01-21T20:02:36,2025-01-21T20:07:36,2025-01-21T20:31:36,2025-01-21T21:14:36,,,8,29,43,80
O000042,U0035,S114,SEOUL_YEONGDEUNGPO,CARD,29000,4000,COMPLETED,2025-01-21T21:37:24,2025-01-21T21:42:24,2025-01-21T21:52:24,2025-01-21T22:00:24,2025-01-21T22:12:24,,,5,18,12,35
O000070,U0018,S105,SEOUL_GANGNAM,KAKAO_PAY,22000,0,COMPLETED,2025-01-21T21:49:17,2025-01-21T21:56:17,2025-01-21T22:01:17,2025-01-21T22:17:17,2025-01-21T22:44:17,,,7,21,27,55
O000126,U0972,S038,SEOUL_JAMSIL,KAKAO_PAY,24000,2000,COMPLETED,2025-01-21T22:22:31,2025-01-21T22:25:31,2025-01-21T22:32:31,2025-01-21T22:41:31,2025-01-21T23:14:31,,,3,16,33,52
O000080,U0919,S071,SEOUL_SEONGSU,NAVER_PAY,27000,3000,IN_PROGRESS,2025-01-22T10:24:48,2025-01-22T10:31:48,2025-01-22T10:36:48,,,,,7,,,
O000079,U0635,S057,SEOUL_JONGNO,NAVER_PAY,20000,4000,COMPLETED,2025-01-22T12:34:05,2025-01-22T12:41:05,2025-01-22T12:58:05,2025-01-22T13:07:05,2025-01-22T13:23:05,,,7,26,16,49
O000141,U0665,S011,SEOUL_SEONGSU,CARD,13000,0,COMPLETED,2025-01-22T17:22:35,2025-01-22T17:26:35,2025-01-22T17:30:35,2025-01-22T17:47:35,2025-01-22T18:11:35,,,4,21,24,49
O000028,U1341,S072,SEOUL_GANGNAM,CARD,31000,2000,CANCELLED,2025-01-22T18:51:49,2025-01-22T18:58:49,,,,2025-01-22T19:07:49,NO_RIDER_AVAILABLE,7,,,16
O000031,U0838,S051,SEOUL_MAPO,NAVER_PAY,31000,4000,COMPLETED,2025-01-22T19:57:40,2025-01-22T20:00:40,2025-01-22T20:15:40,2025-01-22T20:37:40,2025-01-22T21:15:40,,,3,37,38,78
O000149,U1240,S019,SEOUL_GANGNAM,KAKAO_PAY,18000,2000,CANCELLED,2025-01-22T21:15:39,2025-01-22T21:20:39,2025-01-22T21:22:39,,,2025-01-22T21:32:39,NO_RIDER_AVAILABLE,5,,,17
O000159,U0702,S019,SEOUL_MAPO,KAKAO_PAY,30000,3000,COMPLETED,2025-01-23T14:39:14,2025-01-23T14:42:14,2025-01-23T14:45:14,2025-01-23T14:59:14,2025-01-23T15:32:14,,,3,17,33,53
O000108,U0271,S063,SEOUL_JONGNO,KAKAO_PAY,34000,4000,CANCELLED,2025-01-24T01:18:05,2025-01-24T01:25:05,2025-01-24T01:35:05,,,2025-01-24T01:44:05,NO_RIDER_AVAILABLE,7,,,26
O000154,U1232,S078,SEOUL_SEONGSU,KAKAO_PAY,11000,4000,CANCELLED,2025-01-24T02:25:15,,,,,2025-01-24T02:37:15,USER_CHANGED_MIND,,,,12
O000136,U0433,S010,SEOUL_JONGNO,CARD,27000,2000,COMPLETED,2025-01-24T02:40:50,2025-01-24T02:48:50,2025-01-24T02:56:50,2025-01-24T03:16:50,2025-01-24T03:26:50,,,8,28,10,46
O000051,U0396,S063,SEOUL_JONGNO,KAKAO_PAY,26000,3000,IN_PROGRESS,2025-01-24T06:01:43,2025-01-24T06:05:43,2025-01-24T06:09:43,,,,,4,,,
O000095,U0239,S001,SEOUL_SEONGSU,CARD,40000,3000,COMPLETED,2025-01-24T06:22:09,2025-01-24T06:30:09,2025-01-24T06:33:09,2025-01-24T06:43:09,2025-01-24T07:15:09,,,8,13,32,53
O000178,U0431,S067,SEOUL_YEONGDEUNGPO,NAVER_PAY,26000,1000,CANCELLED,2025-01-24T06:50:58,2025-01-24T06:56:58,,,,2025-01-24T07:08:58,NO_RIDER_AVAILABLE,6,,,18
O000157,U0030,S004,SEOUL_JONGNO,KAKAO_PAY,29000,3000,COMPLETED,2025-01-24T15:28:34,2025-01-24T15:31:34,2025-01-24T15:40:34,2025-01-24T15:48:34,2025-01-24T16:20:34,,,3,17,32,52
O000138,U1099,S087,SEOUL_JAMSIL,CARD,30000,4000,COMPLETED,2025-01-24T18:01:54,2025-01-24T18:14:54,2025-01-24T18:30:54,2025-01-24T18:42:54,2025-01-24T19:08:54,,,13,28,26,67
O000117,U0519,S109,SEOUL_MAPO,KAKAO_PAY,18000,3000,COMPLETED,2025-01-24T18:15:57,2025-01-24T18:27:57,2025-01-24T18:37:57,2025-01-24T18:47:57,2025-01-24T19:19:57,,,12,20,32,64
O000168,U0391,S087,SEOUL_GANGNAM,KAKAO_PAY,28000,1000,COMPLETED,2025-01-24T19:11:04,2025-01-24T19:23:04,2025-01-24T19:28:04,2025-01-24T19:51:04,2025-01-24T20:19:04,,,12,28,28,68
O000007,U0917,S070,SEOUL_GANGNAM,NAVER_PAY,16000,3000,COMPLETED,2025-01-25T04:20:07,2025-01-25T04:23:07,2025-01-25T04:32:07,2025-01-25T04:43:07,2025-01-25T05:13:07,,,3,20,30,53
O000068,U1222,S071,SEOUL_GANGNAM,NAVER_PAY,21000,1000,COMPLETED,2025-01-25T04:25:44,2025-01-25T04:27:44,2025-01-25T04:37:44,2025-01-25T04:49:44,2025-01-25T05:12:44,,,2,22,23,47
O000038,U1166,S109,SEOUL_JONGNO,NAVER_PAY,27000,3000,COMPLETED,2025-01-25T05:03:43,2025-01-25T05:06:43,2025-01-25T05:15:43,2025-01-25T05:22:43,2025-01-25T05:45:43,,,3,16,23,42
O000129,U0457,S050,SEOUL_YEONGDEUNGPO,NAVER_PAY,35000,2000,CANCELLED,2025-01-25T06:55:28,2025-01-25T07:02:28,2025-01-25T07:08:28,,,2025-01-25T07:22:28,LATE_DELIVERY,7,,,27
O000093,U0084,S073,SEOUL_YEONGDEUNGPO,CASH,25000,4000,COMPLETED,2025-01-25T10:06:19,2025-01-25T10:08:19,2025-01-25T10:12:19,2025-01-25T10:28:19,2025-01-25T10:42:19,,,2,20,14,36
O000005,U1389,S018,SEOUL_YEONGDEUNGPO,KAKAO_PAY,22000,3000,COMPLETED,2025-01-25T14:05:37,2025-01-25T14:09:37,2025-01-25T14:18:37,2025-01-25T14:34:37,2025-01-25T14:57:37,,,4,25,23,52
O000041,U1305,S086,SEOUL_GANGNAM,NAVER_PAY,27000,2000,COMPLETED,2025-01-25T15:45:02,2025-01-25T15:52:02,2025-01-25T15:54:02,2025-01-25T16:03:02,2025-01-25T16:28:02,,,7,11,25,43
O000125,U1454,S066,SEOUL_SEONGSU,KAKAO_PAY,24000,3000,COMPLETED,2025-01-25T20:03:02,2025-01-25T20:16:02,2025-01-25T20:23:02,2025-01-25T20:35:02,2025-01-25T20:55:02,,,13,19,20,52
O000190,U0566,S078,SEOUL_JONGNO,CARD,23000,3000,CANCELLED,2025-01-25T23:09:26,,,,,2025-01-25T23:12:26,USER_CHANGED_MIND,,,,3
O000191,U0881,S082,SEOUL_SEONGSU,KAKAO_PAY,23000,3000,COMPLETED,2025-01-25T23:13:16,2025-01-25T23:16:16,2025-01-25T23:23:16,2025-01-25T23:34:16,2025-01-26T00:03:16,,,3,18,29,50
O000121,U0694,S114,SEOUL_MAPO,CARD,18000,0,COMPLETED,2025-01-26T01:26:25,2025-01-26T01:29:25,2025-01-26T01:38:25,2025-01-26T01:48:25,2025-01-26T02:04:25,,,3,19,16,38
O000123,U0582,S092,SEOUL_YEONGDEUNGPO,KAKAO_PAY,17000,1000,COMPLETED,2025-01-26T02:13:05,2025-01-26T02:16:05,2025-01-26T02:23:05,2025-01-26T02:41:05,2025-01-26T02:56:05,,,3,25,15,43
O000193,U0280,S048,SEOUL_SEONGSU,KAKAO_PAY,33000,3000,COMPLETED,2025-01-26T02:52:57,2025-01-26T03:00:57,2025-01-26T03:10:57,2025-01-26T03:25:57,2025-01-26T03:55:57,,,8,25,30,63
O000046,U0703,S003,SEOUL_SEONGSU,CARD,43000,3000,COMPLETED,2025-01-26T06:27:20,2025-01-26T06:34:20,2025-01-26T06:39:20,2025-01-26T06:57:20,2025-01-26T07:23:20,,,7,23,26,56
O000131,U1223,S053,SEOUL_MAPO,CARD,12000,3000,IN_PROGRESS,2025-01-26T07:07:42,,,,,,,,,,
O000018,U0897,S084,SEOUL_SEONGSU,KAKAO_PAY,20000,2000,CANCELLED,2025-01-26T17:42:43,,,,,2025-01-26T17:48:43,USER_CHANGED_MIND,,,,6
O000106,U0602,S017,SEOUL_JONGNO,KAKAO_PAY,30000,3000,COMPLETED,2025-01-26T20:19:12,2025-01-26T20:25:12,2025-01-26T20:41:12,2025-01-26T20:53:12,2025-01-26T21:31:12,,,6,28,38,72
O000133,U0727,S084,SEOUL_YEONGDEUNGPO,CARD,21000,4000,COMPLETED,2025-01-26T23:02:15,2025-01-26T23:06:15,2025-01-26T23:14:15,2025-01-26T23:27:15,2025-01-26T23:51:15,,,4,21,24,49
O000128,U0938,S096,SEOUL_JONGNO,KAKAO_PAY,36000,5000,CANCELLED,2025-01-27T00:22:34,,,,,2025-01-27T00:25:34,USER_CHANGED_MIND,,,,3
O000047,U1429,S043,SEOUL_MAPO,CARD,23000,4000,CANCELLED,2025-01-27T01:50:42,2025-01-27T01:55:42,2025-01-27T01:57:42,,,2025-01-27T02:01:42,LATE_DELIVERY,5,,,11
O000036,U1387,S018,SEOUL_JAMSIL,CARD,34000,0,COMPLETED,2025-01-27T03:38:02,2025-01-27T03:43:02,2025-01-27T03:52:02,2025-01-27T04:09:02,2025-01-27T04:37:02,,,5,26,28,59
O000024,U1399,S106,SEOUL_SEONGSU,CARD,26000,3000,COMPLETED,2025-01-27T14:30:34,2025-01-27T14:35:34,2025-01-27T14:41:34,2025-01-27T14:56:34,2025-01-27T15:28:34,,,5,21,32,58
O000185,U0293,S100,SEOUL_JONGNO,CARD,27000,3000,COMPLETED,2025-01-27T14:42:18,2025-01-27T14:49:18,2025-01-27T14:58:18,2025-01-27T15:03:18,2025-01-27T15:15:18,,,7,14,12,33
O000194,U0785,S009,SEOUL_MAPO,CARD,41000,2000,COMPLETED,2025-01-27T18:44:22,2025-01-27T18:59:22,2025-01-27T19:04:22,2025-01-27T19:24:22,2025-01-27T19:58:22,,,15,25,34,74
O000180,U1427,S028,SEOUL_YEONGDEUNGPO,NAVER_PAY,14000,3000,COMPLETED,2025-01-27T20:01:02,2025-01-27T20:04:02,2025-01-27T20:10:02,2025-01-27T20:26:02,2025-01-27T20:46:02,,,3,22,20,45
O000184,U1468,S036,SEOUL_SEONGSU,NAVER_PAY,34000,2000,IN_PROGRESS,2025-01-28T05:54:45,,,,,,,,,,
O000110,U0032,S117,SEOUL_GANGNAM,CARD,22000,3000,IN_PROGRESS,2025-01-28T06:34:57,2025-01-28T06:43:57,2025-01-28T06:51:57,,,,,9,,,
O000058,U0282,S109,SEOUL_JONGNO,CARD,19000,4000,COMPLETED,2025-01-28T12:23:19,2025-01-28T12:40:19,2025-01-28T12:45:19,2025-01-28T12:56:19,2025-01-28T13:39:19,,,17,16,43,76
O000086,U0463,S070,SEOUL_GANGNAM,KAKAO_PAY,32000,1000,COMPLETED,2025-01-28T12:42:27,2025-01-28T12:50:27,2025-01-28T13:07:27,2025-01-28T13:27:27,2025-01-28T13:48:27,,,8,37,21,66
O000037,U1162,S091,SEOUL_YEONGDEUNGPO,CARD,22000,3000,COMPLETED,2025-01-28T21:47:27,2025-01-28T21:53:27,2025-01-28T22:02:27,2025-01-28T22:07:27,2025-01-28T22:34:27,,,6,14,27,47
O000183,U0066,S100,SEOUL_MAPO,KAKAO_PAY,30000,2000,COMPLETED,2025-01-29T01:05:57,2025-01-29T01:13:57,2025-01-29T01:19:57,2025-01-29T01:28:57,2025-01-29T01:54:57,,,8,15,26,49
O000197,U0899,S008,SEOUL_JONGNO,CARD,30000,4000,COMPLETED,2025-01-29T08:47:33,2025-01-29T08:52:33,2025-01-29T08:55:33,2025-01-29T09:09:33,2025-01-29T09:30:33,,,5,17,21,43
O000101,U1262,S003,SEOUL_MAPO,KAKAO_PAY,24000,2000,COMPLETED,2025-01-29T12:21:50,2025-01-29T12:33:50,2025-01-29T12:53:50,2025-01-29T13:04:50,2025-01-29T13:34:50,,,12,31,30,73
O000198,U0602,S095,SEOUL_YEONGDEUNGPO,NAVER_PAY,22000,1000,COMPLETED,2025-01-29T12:31:19,2025-01-29T12:38:19,2025-01-29T12:53:19,2025-01-29T13:03:19,2025-01-29T13:46:19,,,7,25,43,75
O000029,U0524,S087,SEOUL_MAPO,NAVER_PAY,21000,2000,COMPLETED,2025-01-29T12:57:25,2025-01-29T13:02:25,2025-01-29T13:22:25,2025-01-29T13:38:25,2025-01-29T14:09:25,,,5,36,31,72
O000075,U0230,S027,SEOUL_YEONGDEUNGPO,CARD,27000,2000,COMPLETED,2025-01-29T17:00:20,2025-01-29T17:03:20,2025-01-29T17:07:20,2025-01-29T17:27:20,2025-01-29T17:42:20,,,3,24,15,42
O000009,U0164,S110,SEOUL_SEONGSU,CASH,21000,4000,COMPLETED,2025-01-29T19:53:43,2025-01-29T20:05:43,2025-01-29T20:16:43,2025-01-29T20:30:43,2025-01-29T21:15:43,,,12,25,45,82
O000061,U0473,S090,SEOUL_JAMSIL,NAVER_PAY,26000,0,COMPLETED,2025-01-30T00:59:12,2025-01-30T01:08:12,2025-01-30T01:18:12,2025-01-30T01:31:12,2025-01-30T01:50:12,,,9,23,19,51
O000146,U0052,S057,SEOUL_SEONGSU,KAKAO_PAY,22000,2000,CANCELLED,2025-01-30T02:47:27,2025-01-30T02:51:27,2025-01-30T02:57:27,,,2025-01-30T03:10:27,STORE_REJECTED,4,,,23
O000092,U0661,S067,SEOUL_JAMSIL,KAKAO_PAY,29000,2000,COMPLETED,2025-01-30T05:09:13,2025-01-30T05:13:13,2025-01-30T05:22:13,2025-01-30T05:37:13,2025-01-30T06:05:13,,,4,24,28,56
O000010,U0984,S058,SEOUL_JAMSIL,KAKAO_PAY,22000,2000,COMPLETED,2025-01-30T05:48:14,2025-01-30T05:55:14,2025-01-30T06:00:14,2025-01-30T06:18:14,2025-01-30T06:31:14,,,7,23,13,43
O000072,U0983,S027,SEOUL_MAPO,CARD,16000,3000,CANCELLED,2025-01-30T06:07:19,,,,,2025-01-30T06:17:19,USER_CHANGED_MIND,,,,10
O000054,U1169,S078,SEOUL_GANGNAM,KAKAO_PAY,27000,3000,IN_PROGRESS,2025-01-30T06:21:42,2025-01-30T06:28:42,,,,,,7,,,
O000016,U1251,S100,SEOUL_SEONGSU,KAKAO_PAY,35000,3000,CANCELLED,2025-01-30T10:00:18,,,,,2025-01-30T10:07:18,USER_CHANGED_MIND,,,,7
O000071,U0650,S119,SEOUL_JAMSIL,CARD,13000,3000,COMPLETED,2025-01-30T16:25:57,2025-01-30T16:27:57,2025-01-30T16:33:57,2025-01-30T16:45:57,2025-01-30T17:00:57,,,2,18,15,35
O000132,U1356,S012,SEOUL_MAPO,CARD,19000,4000,COMPLETED,2025-01-30T20:07:55,2025-01-30T20:23:55,2025-01-30T20:40:55,2025-01-30T21:00:55,2025-01-30T21:17:55,,,16,37,17,70
O000116,U0108,S022,SEOUL_YEONGDEUNGPO,NAVER_PAY,26000,5000,COMPLETED,2025-01-31T03:02:05,2025-01-31T03:06:05,2025-01-31T03:09:05,2025-01-31T03:16:05,2025-01-31T03:32:05,,,4,10,16,30
O000089,U1020,S023,SEOUL_JAMSIL,CASH,26000,2000,COMPLETED,2025-01-31T04:18:08,2025-01-31T04:20:08,2025-01-31T04:30:08,2025-01-31T04:48:08,2025-01-31T05:04:08,,,2,28,16,46
O000151,U0592,S030,SEOUL_SEONGSU,CARD,30000,2000,CANCELLED,2025-01-31T07:23:11,,,,,2025-01-31T07:30:11,PAYMENT_FAILED,,,,7
O000119,U0071,S112,SEOUL_MAPO,KAKAO_PAY,22000,2000,COMPLETED,2025-01-31T15:19:50,2025-01-31T15:27:50,2025-01-31T15:29:50,2025-01-31T15:34:50,2025-01-31T15:48:50,,,8,7,14,29
O000187,U0087,S065,SEOUL_GANGNAM,CARD,28000,2000,COMPLETED,2025-01-31T15:43:05,2025-01-31T15:50:05,2025-01-31T15:55:05,2025-01-31T16:05:05,2025-01-31T16:30:05,,,7,15,25,47